id,name,workspace_id,user_id,members,regulators
1ea60aaa-9d7a-444a-8b96-37d4643f57e6,SoteZote,8afb594b-d942-4bed-8774-5a1c2c46ac93,b9cf6279-23db-4250-8cba-d4c5743de44d,"[""b9cf6279-23db-4250-8cba-d4c5743de44d"",""60b12c56-36a2-4a6a-9520-4eb6f66bde78""]","[""b9cf6279-23db-4250-8cba-d4c5743de44d"",""60b12c56-36a2-4a6a-9520-4eb6f66bde78""]"
44b5488c-7710-4e93-8cfc-e313eaa8236d,Umoja,b03ca793-ca16-4784-9437-9198187293ba,60b12c56-36a2-4a6a-9520-4eb6f66bde78,"[""60b12c56-36a2-4a6a-9520-4eb6f66bde78""]",
5bb33f3d-0b41-4b6f-813f-2bf9466d5688,Sote Pamoja,8afb594b-d942-4bed-8774-5a1c2c46ac93,60b12c56-36a2-4a6a-9520-4eb6f66bde78,"[""60b12c56-36a2-4a6a-9520-4eb6f66bde78""]",
810eade5-24fc-4757-a013-be95af4de8eb,Utawala,d5d4be74-a06e-49ad-acb7-f2713f32214b,b9cf6279-23db-4250-8cba-d4c5743de44d,"[""b9cf6279-23db-4250-8cba-d4c5743de44d"",""60b12c56-36a2-4a6a-9520-4eb6f66bde78""]",
8276c9de-b063-427d-a872-f5aa1f856d99,CUEA CIRCLE,6324e910-1c7e-4997-bea0-b44aa1847625,cde85081-ce6d-4a0b-8909-0fa2a3512b6c,"[""cde85081-ce6d-4a0b-8909-0fa2a3512b6c"",""b9cf6279-23db-4250-8cba-d4c5743de44d""]",
92e1c761-07ce-4038-b6e7-cd8394a804ab,Events Planning,1a3951d8-89b4-494a-88bc-c92f6e427c53,b03f0879-aca0-4169-bbbc-3ee87f93ec9c,"[""b03f0879-aca0-4169-bbbc-3ee87f93ec9c"",""b9cf6279-23db-4250-8cba-d4c5743de44d""]",