id,created_at,content,file_url,is_deleted,user_one,user_two,user,updated_at
3,2025-08-25 06:32:00.089287+00,<p>Mzee🙂</p>,,false,b9cf6279-23db-4250-8cba-d4c5743de44d,60b12c56-36a2-4a6a-9520-4eb6f66bde78,b9cf6279-23db-4250-8cba-d4c5743de44d,2025-08-25 06:32:00.089287+00
4,2025-08-25 06:32:36.492433+00,,chat/img-4ad1ac61-7bdb-4278-bf5c-53cb78a298f9,false,60b12c56-36a2-4a6a-9520-4eb6f66bde78,b9cf6279-23db-4250-8cba-d4c5743de44d,60b12c56-36a2-4a6a-9520-4eb6f66bde78,2025-08-25 06:32:36.492433+00
5,2025-08-25 06:32:51.299386+00,<p>Hio iko vipi?</p>,,false,60b12c56-36a2-4a6a-9520-4eb6f66bde78,b9cf6279-23db-4250-8cba-d4c5743de44d,60b12c56-36a2-4a6a-9520-4eb6f66bde78,2025-08-25 06:32:51.299386+00
6,2025-08-27 12:20:41.53048+00,<p>My man</p>,,false,b9cf6279-23db-4250-8cba-d4c5743de44d,b03f0879-aca0-4169-bbbc-3ee87f93ec9c,b9cf6279-23db-4250-8cba-d4c5743de44d,2025-08-27 12:20:41.53048+00
7,2025-08-27 12:20:42.143874+00,<p>My man</p>,,false,b9cf6279-23db-4250-8cba-d4c5743de44d,b03f0879-aca0-4169-bbbc-3ee87f93ec9c,b9cf6279-23db-4250-8cba-d4c5743de44d,2025-08-27 12:20:42.143874+00
8,2025-08-27 12:23:25.921785+00,<p>Kaka Vipi</p>,,false,b03f0879-aca0-4169-bbbc-3ee87f93ec9c,b9cf6279-23db-4250-8cba-d4c5743de44d,b03f0879-aca0-4169-bbbc-3ee87f93ec9c,2025-08-27 12:23:25.921785+00