id,email,name,type,avatar_url,created_at,is_away,phone,workspaces,channels
3b4ffcbe-40c5-47bf-b431-30d5c90a7e42,mutua02david@gmail.com,David Mutua,user,https://lh3.googleusercontent.com/a/ACg8ocI7J4S__EfBHqtQvBCEQOX1M0z0OU2F5Zd4jsHso6mC7v_2Dg=s96-c,2025-08-27 13:42:49.214025,false,,"[""fcb50df3-6782-47d4-a98d-a7663cf812f7""]",
60b12c56-36a2-4a6a-9520-4eb6f66bde78,freemanrtye@gmail.com,rtye254tooner,user,https://lh3.googleusercontent.com/a/ACg8ocKqcKTQPXAzUxT5cLrxQRLGUqcYXVpbwQyK_buS9wsKsDFv=s96-c,2025-08-25 06:09:56.067151,false,,"[""b03ca793-ca16-4784-9437-9198187293ba"",""8afb594b-d942-4bed-8774-5a1c2c46ac93"",""d5d4be74-a06e-49ad-acb7-f2713f32214b"",""dacb75da-1e35-4d38-9600-aa50c7a6bc37""]","[""44b5488c-7710-4e93-8cfc-e313eaa8236d"",""5bb33f3d-0b41-4b6f-813f-2bf9466d5688"",""1ea60aaa-9d7a-444a-8b96-37d4643f57e6"",""810eade5-24fc-4757-a013-be95af4de8eb""]"
b03f0879-aca0-4169-bbbc-3ee87f93ec9c,kaijintrader@gmail.com,David Mutua,user,https://lh3.googleusercontent.com/a/ACg8ocIeYXFNqAxP8-kBw_qu0bMospuf4udzV-OBNJck641OKOmKeoY=s96-c,2025-08-22 20:43:10.036358,false,,"[""1a3951d8-89b4-494a-88bc-c92f6e427c53"",""b086588d-043f-41e2-81f1-7f4781e4e08d"",""e378cd64-ef01-4439-95c1-d9f36b0aee4a"",""92716e16-e757-4c64-8a1b-0327f663f413""]","[""92e1c761-07ce-4038-b6e7-cd8394a804ab""]"
b9cf6279-23db-4250-8cba-d4c5743de44d,iammutua02@gmail.com,David Mutua,user,https://lh3.googleusercontent.com/a/ACg8ocKfJfZChYFk4UsfJchRbqHisQjDZ0FMxjLklSVrT8prg8dXaA=s96-c,2025-08-25 06:27:29.744181,false,,"[""d5d4be74-a06e-49ad-acb7-f2713f32214b"",""8afb594b-d942-4bed-8774-5a1c2c46ac93"",""b03ca793-ca16-4784-9437-9198187293ba"",""1a3951d8-89b4-494a-88bc-c92f6e427c53"",""6324e910-1c7e-4997-bea0-b44aa1847625""]","[""1ea60aaa-9d7a-444a-8b96-37d4643f57e6"",""810eade5-24fc-4757-a013-be95af4de8eb"",""92e1c761-07ce-4038-b6e7-cd8394a804ab"",""8276c9de-b063-427d-a872-f5aa1f856d99""]"
cde85081-ce6d-4a0b-8909-0fa2a3512b6c,kitongamutua8@gmail.com,Kitonga Mutua,user,https://lh3.googleusercontent.com/a/ACg8ocJ4OwRZqJZRww5e3AbuPbqvLQ_KlQeyYypI8zH1iDo9mLDyTA=s96-c,2025-09-01 07:22:51.890012,false,,"[""6324e910-1c7e-4997-bea0-b44aa1847625""]","[""8276c9de-b063-427d-a872-f5aa1f856d99""]"