id,created_at,name,image_url,invite_code,members,channels,slug,super_admin,regulators
1a3951d8-89b4-494a-88bc-c92f6e427c53,2025-08-22 20:43:59.97475+00,Company One,,944b9922-a9b5-405a-b3b6-0be082f78418,"[""b03f0879-aca0-4169-bbbc-3ee87f93ec9c"",""b9cf6279-23db-4250-8cba-d4c5743de44d""]","[""92e1c761-07ce-4038-b6e7-cd8394a804ab""]",Company-One,b03f0879-aca0-4169-bbbc-3ee87f93ec9c,
6324e910-1c7e-4997-bea0-b44aa1847625,2025-09-01 07:24:36.021211+00,CUEA,,90b94286-6179-4d6d-a9a6-4579fd8a12d7,"[""cde85081-ce6d-4a0b-8909-0fa2a3512b6c"",""b9cf6279-23db-4250-8cba-d4c5743de44d""]","[""8276c9de-b063-427d-a872-f5aa1f856d99""]",CUEA,cde85081-ce6d-4a0b-8909-0fa2a3512b6c,
8afb594b-d942-4bed-8774-5a1c2c46ac93,2025-08-25 06:16:11.498749+00,Sote,,f29091f9-9377-4e9e-b0ac-aec7c333bdae,"[""60b12c56-36a2-4a6a-9520-4eb6f66bde78"",""b9cf6279-23db-4250-8cba-d4c5743de44d""]","[""5bb33f3d-0b41-4b6f-813f-2bf9466d5688"",""1ea60aaa-9d7a-444a-8b96-37d4643f57e6""]",sote,60b12c56-36a2-4a6a-9520-4eb6f66bde78,
92716e16-e757-4c64-8a1b-0327f663f413,2025-08-27 15:13:41.491568+00,Creation,,3620e84c-8881-4e33-ac81-4d06002a99ba,"[""b03f0879-aca0-4169-bbbc-3ee87f93ec9c""]",,creation,b03f0879-aca0-4169-bbbc-3ee87f93ec9c,
b03ca793-ca16-4784-9437-9198187293ba,2025-08-25 06:11:01.673317+00,Tuwajibike,,eef1d9a4-0c7b-48f4-99ab-ac864f443b93,"[""60b12c56-36a2-4a6a-9520-4eb6f66bde78"",""b9cf6279-23db-4250-8cba-d4c5743de44d""]","[""44b5488c-7710-4e93-8cfc-e313eaa8236d""]",Tuwajibike,60b12c56-36a2-4a6a-9520-4eb6f66bde78,
b086588d-043f-41e2-81f1-7f4781e4e08d,2025-08-27 00:42:46.909569+00,Mausiku,,af454cbb-c7b7-4d13-9ae5-00cb5536d5f9,"[""b03f0879-aca0-4169-bbbc-3ee87f93ec9c""]",,Mausiku,b03f0879-aca0-4169-bbbc-3ee87f93ec9c,
d5d4be74-a06e-49ad-acb7-f2713f32214b,2025-08-25 06:28:11.611859+00,Utawala,,56784b15-051e-4564-912f-7ce1bfbcd5db,"[""b9cf6279-23db-4250-8cba-d4c5743de44d"",""60b12c56-36a2-4a6a-9520-4eb6f66bde78""]","[""810eade5-24fc-4757-a013-be95af4de8eb""]",Utawala,b9cf6279-23db-4250-8cba-d4c5743de44d,
dacb75da-1e35-4d38-9600-aa50c7a6bc37,2025-08-26 17:36:11.857196+00,Oldies,,cd7ad3fe-67d0-4445-9334-261570849a90,"[""60b12c56-36a2-4a6a-9520-4eb6f66bde78""]",,oldies,60b12c56-36a2-4a6a-9520-4eb6f66bde78,
e378cd64-ef01-4439-95c1-d9f36b0aee4a,2025-08-27 15:13:10.253246+00,Team Unity,,fcf2e742-b016-4e56-9929-d5a9f0f3df55,"[""b03f0879-aca0-4169-bbbc-3ee87f93ec9c""]",,team-unity,b03f0879-aca0-4169-bbbc-3ee87f93ec9c,
fcb50df3-6782-47d4-a98d-a7663cf812f7,2025-08-27 13:44:36.049049+00,My Workspace,,98e9718d-7d83-4603-978a-fbd712b854f2,"[""3b4ffcbe-40c5-47bf-b431-30d5c90a7e42""]",,My-Workspace,3b4ffcbe-40c5-47bf-b431-30d5c90a7e42,